{
  "train_loss": [
    0.1977476117435719,
    0.11200938382655766,
    0.09494106519780168,
    0.08795602077166806,
    0.07696137271786092,
    0.06984535123215886,
    0.06369079916958634,
    0.058194053343523136,
    0.04614262796672237,
    0.04460181998473371,
    0.043508201024134045,
    0.04229836371840779,
    0.03829502824881068,
    0.03667677625679763,
    0.036281232658087026,
    0.03495731566173074,
    0.029529616604900544
  ],
  "train_acc": [
    0.9193822131704006,
    0.9571134589273591,
    0.9645387813985065,
    0.967286150712831,
    0.9716352681602173,
    0.9740219789545146,
    0.9759949932111337,
    0.9789757298031229,
    0.9829429735234216,
    0.9831445179904956,
    0.9840143414799728,
    0.9844704684317719,
    0.9861995078071962,
    0.9866980651731161,
    0.9870269008825526,
    0.9875784962661236,
    0.989318143245078
  ],
  "val_loss": [
    1.062431707102197,
    0.06837621651461677,
    0.05285760457705345,
    0.028581462731198673,
    0.0563314841048035,
    0.09228213891418875,
    0.04564023184096347,
    0.043501389466713176,
    0.010163118577141582,
    0.01582594327516614,
    0.032245605030200686,
    0.006988282443513605,
    0.008314095819319803,
    0.006635214732381714,
    0.02817703744859503,
    0.20801061101370133,
    0.012757919796344486
  ],
  "val_acc": [
    0.7222890620913324,
    0.9723282941884187,
    0.9802793325312549,
    0.9895904169064184,
    0.9768792174504368,
    0.9653188261756552,
    0.9847256368677094,
    0.9835748286865094,
    0.9964952659936183,
    0.9944028874823455,
    0.9876026573207093,
    0.9981168593398546,
    0.9973322173981273,
    0.9978553120259455,
    0.9888580844274729,
    0.9385363812313647,
    0.9955013862007637
  ],
  "val_f1": [
    0.4185740882707261,
    0.9621412724540185,
    0.974521862539704,
    0.9863145588336428,
    0.9684826012549914,
    0.9519042437431992,
    0.980119825708061,
    0.9787032013022247,
    0.9953687703048317,
    0.9925709921544122,
    0.9833180826353206,
    0.9975076156189421,
    0.9964722971570865,
    0.9971600748077856,
    0.9854538004507273,
    0.9114076754882002,
    0.994075502893359
  ]
}