{
  "train_loss": [
    0.37934221956161185,
    0.19210909289914532,
    0.15574287843608528,
    0.1344723432162486,
    0.1197427513949368,
    0.1053529119358287,
    0.09139689862505969,
    0.09483484623082188,
    0.09754258284020588,
    0.08271129330227134,
    0.08082480881568216,
    0.07894995065252168,
    0.060277091924511236,
    0.06094642480143235,
    0.060661888515807415,
    0.05502144936813947,
    0.059796264818057825,
    0.04602404694081447
  ],
  "train_acc": [
    0.8274082568807339,
    0.9234518348623854,
    0.939506880733945,
    0.9493262614678899,
    0.9526232798165137,
    0.9597190366972477,
    0.9658113532110092,
    0.9644495412844036,
    0.9631594036697247,
    0.9703985091743119,
    0.96875,
    0.9712586009174312,
    0.9775659403669725,
    0.9784260321100917,
    0.9767058486238532,
    0.9802178899082569,
    0.9784260321100917,
    0.984016628440367
  ],
  "val_loss": [
    0.2532004696110057,
    0.14690516554853983,
    1.1666975923152576,
    0.2228783238284652,
    0.018342038761410447,
    0.0862270284347081,
    0.04556073350896542,
    0.01908062432323479,
    0.1160274177227014,
    0.04004733984830738,
    0.08500969323164706,
    0.02162359745319312,
    0.008271376214300593,
    0.024979093779822707,
    0.021691460490304355,
    0.009047921989177768,
    0.09737700241016177,
    0.04080903177333918
  ],
  "val_acc": [
    0.8757961783439491,
    0.9529370134465676,
    0.640481245576787,
    0.924274593064402,
    0.9950460014154282,
    0.970276008492569,
    0.9872611464968153,
    0.9964614295824487,
    0.9529370134465676,
    0.9840764331210191,
    0.9734607218683652,
    0.9936305732484076,
    0.9978768577494692,
    0.9922151450813871,
    0.9932767162066525,
    0.9964614295824487,
    0.97310686482661,
    0.9879688605803255
  ],
  "val_f1": [
    0.8586387434554974,
    0.9550523825616762,
    0.43867403314917125,
    0.9296052631578947,
    0.9950564971751412,
    0.9711340206185567,
    0.9874213836477987,
    0.9964739069111425,
    0.9506493506493506,
    0.9838651846539979,
    0.9741468459152016,
    0.9936708860759493,
    0.9978813559322034,
    0.9922752808988764,
    0.9933216168717047,
    0.9964639321074965,
    0.9738111647139903,
    0.9881118881118881
  ]
}